pref_code,pref_name,region
11,宗谷地方,北海道
12,上川地方,北海道
13,留萌地方,北海道
14,石狩地方,北海道
15,空知地方,北海道
16,後志地方,北海道
17,網走・北見・紋別地方,北海道
18,根室地方,北海道
19,釧路地方,北海道
20,十勝地方,北海道
21,胆振地方,北海道
22,日高地方,北海道
23,渡島地方,北海道
24,檜山地方,北海道
31,青森県,東北
32,秋田県,東北
33,岩手県,東北
34,宮城県,東北
35,山形県,東北
36,福島県,東北
40,茨城県,関東甲信
41,栃木県,関東甲信
42,群馬県,関東甲信
43,埼玉県,関東甲信
44,東京都,関東甲信
45,千葉県,関東甲信
46,神奈川県,関東甲信
48,長野県,関東甲信
49,山梨県,関東甲信
50,静岡県,東海
51,愛知県,東海
52,岐阜県,東海
53,三重県,東海
54,新潟県,北陸
55,富山県,北陸
56,石川県,北陸
57,福井県,北陸
60,滋賀県,近畿
61,京都府,近畿
62,大阪府,近畿
63,兵庫県,近畿
64,奈良県,近畿
65,和歌山県,近畿
66,岡山県,中国
67,広島県,中国
68,島根県,中国
69,鳥取県,中国
71,徳島県,四国
72,香川県,四国
73,愛媛県,四国
74,高知県,四国
81,山口県,九州北部
82,福岡県,九州北部
83,大分県,九州北部
84,長崎県,九州北部
85,佐賀県,九州北部
86,熊本県,九州北部
87,宮崎県,九州南部
88,鹿児島県,九州南部
91,沖縄本島地方,沖縄
92,大東島地方,沖縄
93,宮古島地方,沖縄
94,八重山地方,沖縄
